Video Link,Channel Link
https://www.youtube.com/c/OpeninApp,https://www.youtube.com/c/OpeninApp
https://www.youtube.com/channel/UCIGDcUqL2kKMdJCpIr_dfxg,https://www.youtube.com/channel/UCIGDcUqL2kKMdJCpIr_dfxg
https://www.youtube.com/watch?v=J_A5UE2_6Zs,https://www.youtube.com/channel/UCIGDcUqL2kKMdJCpIr_dfxg
https://www.youtube.com/watch?v=vOo-VyPIiW0,https://www.youtube.com/channel/UC3gnV5Yt4crSTk1mHDejZVA
https://www.youtube.com/watch?v=O6lup3SN4Bw,https://www.youtube.com/channel/UCIGDcUqL2kKMdJCpIr_dfxg
https://www.youtube.com/watch?v=Njo_GPYbTvY,https://www.youtube.com/channel/UCkrFKmxXrLs2_rFzD4XM5Sw
https://www.youtube.com/watch?v=zEd9C0eRwzY,https://www.youtube.com/channel/UCIGDcUqL2kKMdJCpIr_dfxg
https://www.youtube.com/watch?v=OuxYGlIvong,https://www.youtube.com/channel/UCJ2Hexjg59NLlFZAodX6eWg
https://www.youtube.com/watch?v=Mi4eiO-ESG0,https://www.youtube.com/channel/UCtgru8HUCtjlGuVfgT-aA9A
https://www.youtube.com/watch?v=Lg4itRSErgU,https://www.youtube.com/channel/UCNJ3AJBrhHVqb4vuAPMtLUw
https://www.youtube.com/post/UgkxzL6nM2d56_PdVjzr6AybtYTvXslbasTH,https://www.youtube.com/channel/None
https://www.youtube.com/post/Ugkx-QJiB92xlzILRzCM-SxQJZAZVS8sR2EG,https://www.youtube.com/channel/None
https://www.youtube.com/watch?v=RFYQ16q-BIw,https://www.youtube.com/channel/UC86N6LCLdnedLEtjCUJH-UA
https://www.youtube.com/watch?v=a-qoDYHLmKY,https://www.youtube.com/channel/UCUSLCEqNrmtcc6zUd1FkK3g
https://www.youtube.com/watch?v=ePGsFAOuQlE,https://www.youtube.com/channel/UCdX_KVt0S-B0wvVCPHwmRwg
https://www.youtube.com/watch?v=s51xEN1RSxg,https://www.youtube.com/channel/UCvtDQVgjc_StTBVoQ1Rn3oQ
https://www.youtube.com/post/UgkxBlofpeJj1b_OG2R3cNTqe-trrXMaq2T4,https://www.youtube.com/channel/None
https://www.youtube.com/watch?v=L7tvro8KUUo,https://www.youtube.com/channel/UCeEP6GESh2t4-e2132uj3Sg
https://www.youtube.com/watch?v=-CV9Yf1xPcc,https://www.youtube.com/channel/UCIGDcUqL2kKMdJCpIr_dfxg
https://www.youtube.com/watch?v=9jbHOBxdNpw,https://www.youtube.com/channel/UCcEemKX91VohoKl6uRBAPyQ
https://www.youtube.com/watch?v=x6nrchdG_5k,https://www.youtube.com/channel/UCQjKykVcd4exsP9CB6xRbUg
https://www.youtube.com/post/UgkxkNMzcb3UCWm4sfl1TtmpUE9eRv_qGnSj,https://www.youtube.com/channel/None
https://www.youtube.com/c/SavvyFernweh/community,https://www.youtube.com/c/SavvyFernweh/community
https://www.youtube.com/watch?v=eyB4I73PZfY,https://www.youtube.com/channel/UCJ2Hexjg59NLlFZAodX6eWg
https://www.youtube.com/post/UgkxvxeOVISLxaPkK0XyP2zDBrqTfdJ36ULb,https://www.youtube.com/channel/None
https://www.youtube.com/post/Ugkx8-NE_9zvf904H38BM43l3kL11VdOVF3v,https://www.youtube.com/channel/None
https://www.youtube.com/watch?v=xWC86v6p258,https://www.youtube.com/channel/UCSyhu4VGGxWhsqDxqnsG7vw
https://www.youtube.com/watch?v=TYjXG89sAYQ,https://www.youtube.com/channel/UC4PFB4QWy-rir57isWTKACA
https://www.youtube.com/watch?v=dFJd_F0BFD4,https://www.youtube.com/channel/UCKcK5BgHlr5MTG3zGyYoA1A
https://www.youtube.com/watch?v=pS-3W8KHj4k,https://www.youtube.com/channel/UC4GdDkyuNzjnJTB-nQuLNSQ
https://www.youtube.com/watch?v=1k3rW_MMvg4,https://www.youtube.com/channel/UCJ2Hexjg59NLlFZAodX6eWg
https://www.youtube.com/watch?v=qtw16jiNkqg,https://www.youtube.com/channel/UCSyhu4VGGxWhsqDxqnsG7vw
https://www.youtube.com/watch?v=_vok3EqklOU,https://www.youtube.com/channel/UCs7s_GU4POReXU1wkNZJRrQ
https://www.youtube.com/post/Ugkxz4IT--T0OQF_MGlVd6Ql6xOiGJKZiEjS,https://www.youtube.com/channel/None
https://www.youtube.com/post/UgkxsD5LAk57cSbJpDSuX8U3wgHPMy4D7DSD,https://www.youtube.com/channel/None
https://www.youtube.com/watch?v=lU-lKmhoozU,https://www.youtube.com/channel/UCltuKUCkE82ojAtPJy9rFQA
https://www.youtube.com/post/UgkxH1efibpiSulaCWsw9mQIQ1FUkYnvPacM,https://www.youtube.com/channel/None
https://www.youtube.com/watch?v=kj3caRobYac,https://www.youtube.com/channel/UCisOhAggiU6RCWupfPaH3eg
https://www.youtube.com/watch?v=4vBRy_zDe4I,https://www.youtube.com/channel/UCltuKUCkE82ojAtPJy9rFQA
https://www.youtube.com/watch?v=8Y_D4337RMQ,https://www.youtube.com/channel/UCTrs6mu-MgH4XYE2ujnzT4g
https://www.youtube.com/post/UgkxIlEF_SYNp0ifO6W_GAEdRe2yy_uCPPlH,https://www.youtube.com/channel/None
https://www.youtube.com/watch?v=PGlA4IdGQtI,https://www.youtube.com/channel/UCs7s_GU4POReXU1wkNZJRrQ
https://www.youtube.com/watch?v=u4Cww0CCUGY,https://www.youtube.com/channel/UC-wGWtz2VyxCRnDbg5Pc2Fw
https://www.youtube.com/post/Ugkxaz8MC0iJc-UeUs4o3SFtzqGVR_mFrKLa,https://www.youtube.com/channel/None
https://www.youtube.com/post/UgkxQKOHLelrNCJoyCCQCW5NHBjzn4KWveIP,https://www.youtube.com/channel/None
https://www.youtube.com/watch?v=QEqqJj59LTU,https://www.youtube.com/channel/UCdX_KVt0S-B0wvVCPHwmRwg
https://www.youtube.com/watch?v=FmQjzwtrkSc,https://www.youtube.com/channel/UC7nAv_hbM0f8jNXbXNCJUxg
https://www.youtube.com/post/UgkxWxe0Nj-i7RSxgdD9guwk99XYHM00gA_q,https://www.youtube.com/channel/None
https://www.youtube.com/watch?v=yx0abfdHY8Q,https://www.youtube.com/channel/UCJ2Hexjg59NLlFZAodX6eWg
https://www.youtube.com/post/Ugkxe2GrB63zOanTOsRv6n75Q6wJdNSXnqAi,https://www.youtube.com/channel/None
https://www.youtube.com/post/UgkxiKn-5Vm37sw8n-8DnMpuFF_RP-POu6qH,https://www.youtube.com/channel/None
https://www.youtube.com/post/UgkxFR1Wyb5jUbbaKiSo7l4zwExIoQj9VtYR,https://www.youtube.com/channel/None
https://www.youtube.com/watch?v=SSwCQ2205rQ,https://www.youtube.com/channel/UC67aMZqhyj85tKSX_MNeIgQ
https://www.youtube.com/c/TradingwithGroww?app=desktop,https://www.youtube.com/c/TradingwithGroww?app=desktop
https://www.youtube.com/post/UgxxZbA3FKGy6JQbC5t4AaABCQ,https://www.youtube.com/channel/None
https://www.youtube.com/watch?v=6vVpCXAtbvs,https://www.youtube.com/channel/UCb-xXZ7ltTvrh9C6DgB9H-Q
https://www.youtube.com/watch?v=YLsnCSjJOgo,https://www.youtube.com/channel/UCdX_KVt0S-B0wvVCPHwmRwg
https://www.youtube.com/post/UgkxdKMFMjFHAE8yFCxwgkBSOQPZm2Xls1GC,https://www.youtube.com/channel/None
https://www.youtube.com/post/UgkxiVlvzEvrtCb-7M0oulU6opgdJQBtp9rS,https://www.youtube.com/channel/None
https://www.youtube.com/watch?v=zJsAECXaPYU,https://www.youtube.com/channel/UCGLqsJQFlRKkJHOOiFR68_g
https://www.youtube.com/watch?v=Y0futiFT6-Y,https://www.youtube.com/channel/UC4GdDkyuNzjnJTB-nQuLNSQ
https://www.youtube.com/watch?v=peY6Bez4baY,https://www.youtube.com/channel/UCpHVCb-__p4gjPuRM6TGPbg
https://www.youtube.com/post/UgkxCWrakGXX-4nUDAIYc2lfqgSk5_Lt6Q87,https://www.youtube.com/channel/None
https://www.youtube.com/post/UgkxUntDgCtIRkQ8Uex09eRPYWlDkZPIGP5P,https://www.youtube.com/channel/None
https://www.youtube.com/watch?v=ae3RSftcdUA,https://www.youtube.com/channel/UC7sTYA6a_XpTUBj4DPVRr6Q
https://www.youtube.com/post/Ugkx8TBLEMFgPUZmo8uCePHXuF0E_1onTBtg,https://www.youtube.com/channel/None
https://www.youtube.com/post/UgkxjsvwKZJQN6a5Uzy8tb8Fm-4q5xKVs-Md,https://www.youtube.com/channel/None
https://www.youtube.com/watch?v=2XxxS7Xbblc,https://www.youtube.com/channel/UCb-xXZ7ltTvrh9C6DgB9H-Q
https://www.youtube.com/watch?v=4BW8AKAeOxE,https://www.youtube.com/channel/UCGLqsJQFlRKkJHOOiFR68_g
https://www.youtube.com/watch?v=sTpEr2I22U4,https://www.youtube.com/channel/UCcEemKX91VohoKl6uRBAPyQ
https://www.youtube.com/watch?v=kzpXY3v5F5M,https://www.youtube.com/channel/UCeEP6GESh2t4-e2132uj3Sg
https://www.youtube.com/watch?v=mBS23EjzrVQ,https://www.youtube.com/channel/UCjAN96n1KcKIKfeWPU2PCzQ
https://www.youtube.com/watch?v=VL8a9pvAjYE,https://www.youtube.com/channel/UChBT5TlUeG68PKvJSg6MkqQ
https://www.youtube.com/post/UgkxuzQ3Y3XOESIBGNDiP4FZqa3fPSOmat5l,https://www.youtube.com/channel/None
https://www.youtube.com/watch?v=ij2axC-tYXU,https://www.youtube.com/channel/UCJ3IciMD2Qf6LZdzk0U4WgA
https://www.youtube.com/watch?v=y8N7ORShafg,https://www.youtube.com/channel/UCdX_KVt0S-B0wvVCPHwmRwg
https://www.youtube.com/post/Ugkxx8mBGJtFMG4Bvy6OedBmnkyyO64h-1N7,https://www.youtube.com/channel/None
https://www.youtube.com/watch?v=dpypfwXk2DE,https://www.youtube.com/channel/UCjAN96n1KcKIKfeWPU2PCzQ
https://www.youtube.com/post/Ugkxmm7aMtHMQJq8TtaOSaVZu6VJzTCmvimZ,https://www.youtube.com/channel/None
https://www.youtube.com/watch?v=nYj5r0LXb-8,https://www.youtube.com/channel/UCdX_KVt0S-B0wvVCPHwmRwg
https://www.youtube.com/post/UgkxL1cJh5FLKlheNhUVQAIyNbeTmbfMiRj3,https://www.youtube.com/channel/None
https://www.youtube.com/watch?v=zL7mZqziHlo,https://www.youtube.com/channel/UCGLqsJQFlRKkJHOOiFR68_g
https://www.youtube.com/post/UgkxxbwBSBQjbEZxHwvfH5khEBY30JZ0uvtI,https://www.youtube.com/channel/None
https://www.youtube.com/watch?v=6Fi3dFoA2Zc,https://www.youtube.com/channel/UCFm-PDJ_LpwFJ8pHzxjb_Cg
https://www.youtube.com/watch?v=bXaS31vY8cU,https://www.youtube.com/channel/UChBT5TlUeG68PKvJSg6MkqQ
https://www.youtube.com/watch?v=Ko9V07_ikIM,https://www.youtube.com/channel/UCzO423lklT8j1VNGEfgnSdA
https://www.youtube.com/post/UgkxSdRk0WTysBHJpm7bxg_4-oC3KO2Xlvbi,https://www.youtube.com/channel/None
https://www.youtube.com/watch?v=4ribByvlkSY,https://www.youtube.com/channel/UCeBAgor-up6HOTcOXjoaiZQ
https://www.youtube.com/watch?v=UpcAdClUsI8,https://www.youtube.com/channel/UCNsNMUpPrKOtd6DBPtwNa9w
https://www.youtube.com/watch?v=19ihnfHjXDg,https://www.youtube.com/channel/UCk4x6qgOdKo7alpMjlS_frA
https://www.youtube.com/watch?v=CbESfZanYyA,https://www.youtube.com/channel/UCJ3IciMD2Qf6LZdzk0U4WgA
https://www.youtube.com/watch?v=l8i99yKUgg0,https://www.youtube.com/channel/UCJ2Hexjg59NLlFZAodX6eWg
https://www.youtube.com/post/UgkxN86Uky9ZxXhrIinvTGWjLl2ttPdEpadg,https://www.youtube.com/channel/None
https://www.youtube.com/watch?v=7Yhwn_J1woQ,https://www.youtube.com/channel/UCSyhu4VGGxWhsqDxqnsG7vw
https://www.youtube.com/watch?v=TgvaaJwpstM,https://www.youtube.com/channel/UCjAN96n1KcKIKfeWPU2PCzQ
https://www.youtube.com/watch?v=JLUxTgpK3DY,https://www.youtube.com/channel/UCzHCLS-7yPauTKWRxAdKRpg
https://www.youtube.com/watch?v=imA7FYM7iW8,https://www.youtube.com/channel/UCjAN96n1KcKIKfeWPU2PCzQ
https://www.youtube.com/watch?v=CFbyjoBoWTw,https://www.youtube.com/channel/UCdX_KVt0S-B0wvVCPHwmRwg
https://www.youtube.com/watch?v=BxyC69j-lfM,https://www.youtube.com/channel/UCcEemKX91VohoKl6uRBAPyQ
